{
    "00": "กรอกข้อมูลให้ผมด้วยนะครับ ระบบจะบันทึกชื่อท่านไว้ และจะอ้างอิงจากชื่อที่ลงทะเบียนมาเท่านั้น\n\nhttps://goo.gl/forms/cxOAifRZCO5EUlaD3",
    "1": "02359498445",
    "2": "02589223432",
    "3": "02360979092",
    "4": "02360979092",
    "9": "อ่านนะครับ ย้ำนะครับใครทำผิดเตะอย่างเดียว \n\nสวัสดีครับ ADMINกลุ่ม ''Scan918 By พี่หมี''\n\nกฏิกติกาและข้อบังคับ‼️ \n-----------------------------\n📌สำหรับใครที่เข้ามาแล้ว \n     มาเป็นครอบครัวเดียวกัน \n📌เป้าหมายคือ รวยไปด้วยกันอยากให้ทุก\n     คน แตก ไป พร้อมๆกัน เฮงๆรวยๆ\n📌ทางกลุ่มนี้จะ Scan ให้วันละ 4-6 รอบ \n    ต่อวันนะครับ\n📌ห้ามขอเงินหรือขอยืมในห้องเด็ดขาด\n    เพราะสัจจะบางคนไม่ค่อยมี ดังนั้น\n    อย่าทำให้คนอื่นเดือดรัอนคับ \n    ไม่มีก็หยุดไปคับ\n📌ห้ามส่งคอนแท๊คอะไรมั่วซั่วนะครับ \n    และลิ้งเพจอื่นๆทุกเพจ \n    ใครฝ่าฝืน บินอย่างเดียวนะครับ",
    "99": "",
    "Aip": true,
    "Api": true,
    "Lv": true,
    "Nk": true,
    "Nn": true,
    "Owner": {},
    "Respon": false,
    "Respontag": "🐝🐝🐝🐝🐝🐝🐝🐝🐝🐝🐝🐝🐝🐝\n        \n🎁 Hiallbet สมาชิกใหม่รับโบนัส 50%  🎁\n 👉เพจใหม่ สมัคร-ฝาก-ถอน ผ่านระบบอัตโนมัติ\n🙏 สมัครสมาชิกใหม่วันนี้รับโบนัสทันที 50 %\n 💵 การันตีเรื่องความชัวร์ ฝากไวถอนเร็ว ต้องที่นี่เท่านั้น\n 🐎มีเกมหลากหลายค่ายให้ท่านเลือกเล่น ไม่ว่าจะเป็น 918 Kiss -Joker-Slotxo-ยิงปลา-บาคาร่า-เกมส์กีฬา และอื่นๆอีกมากมายให้ท่านเลือก\n โดยท่านสามารถโยกเครดิตจากเกมภายใต้เพจของผมไปเล่นเกมประเภทไหนก็ได้ด้วยตนเองผ่านหน้าระบบอัตโนมัติ\n\n🐋สนใจสมัครคลิกที่ลิงค์สมัครหน้าเพจได้เลยครับ🐋\n https://www.hiallbet.com/affr=2485\n\n🔎 สนใจโปรแสกน 918 Scan Win 🔍\n           Line ID: vipscanner_win\n \n💮💮💮💮💮💮💮💮💮💮💮💮💮💮💮",
    "Wc": true,
    "admin": {},
    "autoAdd": true,
    "autoBlock": true,
    "autoCancel": {
        "members": 2,
        "on": true
    },
    "autoJoin": true,
    "autoJoinTicket": true,
    "autoLeave": false,
    "autoRead": true,
    "autoadd": true,
    "blacklist": {
        "u08529931b65351bd37ad9223947f7b25": true,
        "u4f1783d30e5eb922190ad512efb4f217": true,
        "u6ef4fd7ec3966fcdd1ef2bf2a45c922e": true,
        "u82c1c7cfd39e9ba96bd15fd5d798db31": true,
        "uafadc43f0a6af61a96f1beb389abc576": true,
        "uccb1c6ef24478445233bc46a01687bc9": true,
        "ue90fb976e650f4b2aeec83e7829b2b5a": true
    },
    "bye": "โปรดระวังเพจ Pussy888 Kaken โกงลูกค้า9,000บาท\nแถมใช้วาจาท้าทายสมาชิกไม่สุภาพด้วย\nช่วยกันประจานคับ\n\nhttps://timeline.line.me/post/_dVvAkJ9ILGWRbMzBW5Zt1oUBd7goeEWkYSaH27E/1154437220004031790",
    "cName": "",
    "cNames": "",
    "cancelprotect": false,
    "changeGroupPicture": [],
    "changePictureProfile": false,
    "checkContact": true,
    "checkPost": false,
    "checkSticker": false,
    "clock": false,
    "comment": " 🐝🐝🐝🐝🐝🐝🐝🐝🐝🐝🐝🐝🐝🐝\n        \n🎁 Hiallbet สมาชิกใหม่รับโบนัส 50%  🎁\n 👉เพจใหม่ สมัคร-ฝาก-ถอน ผ่านระบบอัตโนมัติ\n🙏 สมัครสมาชิกใหม่วันนี้รับโบนัสทันที 50 %\n 💵 การันตีเรื่องความชัวร์ ฝากไวถอนเร็ว ต้องที่นี่เท่านั้น\n 🐎มีเกมหลากหลายค่ายให้ท่านเลือกเล่น ไม่ว่าจะเป็น 918 Kiss -Joker-Slotxo-ยิงปลา-บาคาร่า-เกมส์กีฬา และอื่นๆอีกมากมายให้ท่านเลือก\n โดยท่านสามารถโยกเครดิตจากเกมภายใต้เพจของผมไปเล่นเกมประเภทไหนก็ได้ด้วยตนเองผ่านหน้าระบบอัตโนมัติ\n\n🐋สนใจสมัครคลิกที่ลิงค์สมัครหน้าเพจได้เลยครับ🐋\n https://www.hiallbet.com/affr=2485\n\n🔎 สนใจโปรแสกน 918 Scan Win 🔍\n           Line ID: vipscanner_win\n \n💮💮💮💮💮💮💮💮💮💮💮💮💮💮💮",
    "commentBlack": {},
    "commentOn": false,
    "contact": true,
    "datectMention": true,
    "dblack": false,
    "dblacklist": false,
    "delayMention": true,
    "detectMention": true,
    "eror": "คุณใช้คำสั่งผิด สั่งบอทอีกครั้ง!",
    "gift": false,
    "hi": "โปรดระวังเพจ Pussy888 Kaken โกงลูกค้า9,000บาท\nแถมใช้วาจาท้าทายสมาชิกไม่สุภาพด้วย\nช่วยกันประจานคับ\n\nhttps://timeline.line.me/post/_dVvAkJ9ILGWRbMzBW5Zt1oUBd7goeEWkYSaH27E/1154437220004031790",
    "invite": {},
    "inviteprotect": false,
    "kick": "          📢📢📢 แจ้งเตือน 🔔🔔🔔\n\n⚡⚡ ผู้ใช้  􀠁􀄶line􏿿 โปรไฟล์นี้ลบสมาชิกในกลุ่ม ⚡⚡",
    "kickMention": false,
    "kung": "7721029055\nKungsri bank\nMr.Mipon Lerkmongkonsin",
    "lang": "JP",
    "leaveRoom": false,
    "likeOn": false,
    "ll": "รอบสุดท้าย 00.00น.หมดเวลา 01.00น.\nรอบต่อไป 12.00น.\nแตกแล้วมาซื้อสแกนด้วยนะ\n\nขอให้ทุกคนโชคดี ร่ำรวย ได้แจ๊คพอตกันทุกคนนะคะ\nสามารถเช็คตารางเวลาสแกน ผ่านระบบอัตโนมัติในห้อง\nโดยพิมพ์เลข 9 ลงในห้องได้เลย\n\n🎁 Hiallbet สมาชิกใหม่รับโบนัส 50%  🎁\n 👉เพจใหม่ สมัคร-ฝาก-ถอน ผ่านระบบอัตโนมัติ\n🙏 สมัครสมาชิกใหม่วันนี้รับโบนัสทันที 50 %\n 💵 การันตีเรื่องความชัวร์ ฝากไวถอนเร็ว ต้องที่นี่เท่านั้น\n 🐎มีเกมหลากหลายค่ายให้ท่านเลือกเล่น ไม่ว่าจะเป็น 918 Kiss -Joker-Slotxo-ยิงปลา-บาคาร่า-เกมส์กีฬา และอื่นๆอีกมากมายให้ท่านเลือก\n โดยท่านสามารถโยกเครดิตจากเกมภายใต้เพจของผมไปเล่นเกมประเภทไหนก็ได้ด้วยตนเองผ่านหน้าระบบอัตโนมัติ\n\n🐋สนใจสมัครคลิกที่ลิงค์สมัครหน้าเพจได้เลยครับ🐋\n https://www.hiallbet.com/affr=2485\n",
    "message": "บัญชีนี้ถูกป้องกันโดย 🔥Hack Scan 🔔Win🔔 ระบบได้บล็อคคุณอัตโนมัติ!",
    "message1": "แอดมารัก หรือ แอดมารัน😊",
    "mimic": {
        "copy": false,
        "status": false,
        "target": {}
    },
    "mm": "รอบ 21.00น.หมดเวลา 22.00น.\nรอบต่อไป 00.00น.\nแตกแล้วมาซื้อสแกนด้วยนะ\n\nขอให้ทุกคนโชคดี ร่ำรวย ได้แจ๊คพอตกันทุกคนนะคะ\nสามารถเช็คตารางเวลาสแกน ผ่านระบบอัตโนมัติในห้อง\nโดยพิมพ์เลข 9 ลงในห้องได้เลย\n\n🎁 Hiallbet สมาชิกใหม่รับโบนัส 50%  🎁\n 👉เพจใหม่ สมัคร-ฝาก-ถอน ผ่านระบบอัตโนมัติ\n🙏 สมัครสมาชิกใหม่วันนี้รับโบนัสทันที 50 %\n 💵 การันตีเรื่องความชัวร์ ฝากไวถอนเร็ว ต้องที่นี่เท่านั้น\n 🐎มีเกมหลากหลายค่ายให้ท่านเลือกเล่น ไม่ว่าจะเป็น 918 Kiss -Joker-Slotxo-ยิงปลา-บาคาร่า-เกมส์กีฬา และอื่นๆอีกมากมายให้ท่านเลือก\n โดยท่านสามารถโยกเครดิตจากเกมภายใต้เพจของผมไปเล่นเกมประเภทไหนก็ได้ด้วยตนเองผ่านหน้าระบบอัตโนมัติ\n\n🐋สนใจสมัครคลิกที่ลิงค์สมัครหน้าเพจได้เลยครับ🐋\n https://www.hiallbet.com/affr=2485\n",
    "nn": "รอบ 18.00น.หมดเวลา 19.00น.\nรอบต่อไป 21.00น.\nแตกแล้วมาซื้อสแกนด้วยนะ\n\nขอให้ทุกคนโชคดี ร่ำรวย ได้แจ๊คพอตกันทุกคนนะคะ\nสามารถเช็คตารางเวลาสแกน ผ่านระบบอัตโนมัติในห้อง\nโดยพิมพ์เลข 9 ลงในห้องได้เลย\n\n🎁 Hiallbet สมาชิกใหม่รับโบนัส 50%  🎁\n 👉เพจใหม่ สมัคร-ฝาก-ถอน ผ่านระบบอัตโนมัติ\n🙏 สมัครสมาชิกใหม่วันนี้รับโบนัสทันที 50 %\n 💵 การันตีเรื่องความชัวร์ ฝากไวถอนเร็ว ต้องที่นี่เท่านั้น\n 🐎มีเกมหลากหลายค่ายให้ท่านเลือกเล่น ไม่ว่าจะเป็น 918 Kiss -Joker-Slotxo-ยิงปลา-บาคาร่า-เกมส์กีฬา และอื่นๆอีกมากมายให้ท่านเลือก\n โดยท่านสามารถโยกเครดิตจากเกมภายใต้เพจของผมไปเล่นเกมประเภทไหนก็ได้ด้วยตนเองผ่านหน้าระบบอัตโนมัติ\n\n🐋สนใจสมัครคลิกที่ลิงค์สมัครหน้าเพจได้เลยครับ🐋\n https://www.hiallbet.com/affr=2485\n",
    "oo": "ผมไปขี้มาครับ",
    "pname": {},
    "pnharfbot": {},
    "potoMention": true,
    "pro_name": {},
    "protect": false,
    "qrprotect": false,
    "spam": {},
    "timeline": false,
    "unsendMessage": false,
    "userAgent": [
        "Mozilla/5.0 (X11; U; Linux i586; de; rv:5.0) Gecko/20100101 Firefox/5.0",
        "Mozilla/5.0 (X11; U; Linux amd64; rv:5.0) Gecko/20100101 Firefox/5.0 (Debian)",
        "Mozilla/5.0 (X11; U; Linux amd64; en-US; rv:5.0) Gecko/20110619 Firefox/5.0",
        "Mozilla/5.0 (X11; Linux) Gecko Firefox/5.0",
        "Mozilla/5.0 (X11; Linux x86_64; rv:5.0) Gecko/20100101 Firefox/5.0 FirePHP/0.5",
        "Mozilla/5.0 (X11; Linux x86_64; rv:5.0) Gecko/20100101 Firefox/5.0 Firefox/5.0",
        "Mozilla/5.0 (X11; Linux x86_64) Gecko Firefox/5.0",
        "Mozilla/5.0 (X11; Linux ppc; rv:5.0) Gecko/20100101 Firefox/5.0",
        "Mozilla/5.0 (X11; Linux AMD64) Gecko Firefox/5.0",
        "Mozilla/5.0 (X11; FreeBSD amd64; rv:5.0) Gecko/20100101 Firefox/5.0",
        "Mozilla/5.0 (Windows NT 6.2; WOW64; rv:5.0) Gecko/20100101 Firefox/5.0",
        "Mozilla/5.0 (Windows NT 6.1; Win64; x64; rv:5.0) Gecko/20110619 Firefox/5.0",
        "Mozilla/5.0 (Windows NT 6.1; Win64; x64; rv:5.0) Gecko/20100101 Firefox/5.0",
        "Mozilla/5.0 (Windows NT 6.1; rv:6.0) Gecko/20100101 Firefox/5.0",
        "Mozilla/5.0 (Windows NT 6.1.1; rv:5.0) Gecko/20100101 Firefox/5.0",
        "Mozilla/5.0 (Windows NT 5.2; WOW64; rv:5.0) Gecko/20100101 Firefox/5.0",
        "Mozilla/5.0 (Windows NT 5.1; U; rv:5.0) Gecko/20100101 Firefox/5.0",
        "Mozilla/5.0 (Windows NT 5.1; rv:2.0.1) Gecko/20100101 Firefox/5.0",
        "Mozilla/5.0 (Windows NT 5.0; WOW64; rv:5.0) Gecko/20100101 Firefox/5.0",
        "Mozilla/5.0 (Windows NT 5.0; rv:5.0) Gecko/20100101 Firefox/5.0"
    ],
    "vv": "รอบ 12.00น.หมดเวลา 13.00น.\nรอบต่อไป 18.00น.\nแตกแล้วมาซื้อสแกนด้วยนะ\n\nขอให้ทุกคนโชคดี ร่ำรวย ได้แจ๊คพอตกันทุกคนนะคะ\nสามารถเช็คตารางเวลาสแกน ผ่านระบบอัตโนมัติในห้อง\nโดยพิมพ์เลข 9 ลงในห้องได้เลย\n\n🎁 Hiallbet สมาชิกใหม่รับโบนัส 50%  🎁\n 👉เพจใหม่ สมัคร-ฝาก-ถอน ผ่านระบบอัตโนมัติ\n🙏 สมัครสมาชิกใหม่วันนี้รับโบนัสทันที 50 %\n 💵 การันตีเรื่องความชัวร์ ฝากไวถอนเร็ว ต้องที่นี่เท่านั้น\n 🐎มีเกมหลากหลายค่ายให้ท่านเลือกเล่น ไม่ว่าจะเป็น 918 Kiss -Joker-Slotxo-ยิงปลา-บาคาร่า-เกมส์กีฬา และอื่นๆอีกมากมายให้ท่านเลือก\n โดยท่านสามารถโยกเครดิตจากเกมภายใต้เพจของผมไปเล่นเกมประเภทไหนก็ได้ด้วยตนเองผ่านหน้าระบบอัตโนมัติ\n\n🐋สนใจสมัครคลิกที่ลิงค์สมัครหน้าเพจได้เลยครับ🐋\n https://www.hiallbet.com/affr=2485\n",
    "wblack": false,
    "wblacklist": false,
    "welcome": " 🐝🐝🐝🐝🐝🐝🐝🐝🐝🐝🐝🐝🐝🐝\n        \n🎁 Hiallbet สมาชิกใหม่รับโบนัส 50%  🎁\n 👉เพจใหม่ สมัคร-ฝาก-ถอน ผ่านระบบอัตโนมัติ\n🙏 สมัครสมาชิกใหม่วันนี้รับโบนัสทันที 50 %\n 💵 การันตีเรื่องความชัวร์ ฝากไวถอนเร็ว ต้องที่นี่เท่านั้น\n 🐎มีเกมหลากหลายค่ายให้ท่านเลือกเล่น ไม่ว่าจะเป็น 918 Kiss -Joker-Slotxo-ยิงปลา-บาคาร่า-เกมส์กีฬา และอื่นๆอีกมากมายให้ท่านเลือก\n โดยท่านสามารถโยกเครดิตจากเกมภายใต้เพจของผมไปเล่นเกมประเภทไหนก็ได้ด้วยตนเองผ่านหน้าระบบอัตโนมัติ\n\n🐋สนใจสมัครคลิกที่ลิงค์สมัครหน้าเพจได้เลยครับ🐋\n https://www.hiallbet.com/affr=2485\n\n🔎 สนใจโปรแสกน 918 Scan Win 🔍\n           Line ID: vipscanner_win\n \n💮💮💮💮💮💮💮💮💮💮💮💮💮💮💮",
    "winvite": false,
    "ww": "🐝🐝🐝🐝🐝🐝🐝🐝🐝🐝🐝🐝🐝🐝\n        \n🎁 Hiallbet สมาชิกใหม่รับโบนัส 50%  🎁\n 👉เพจใหม่ สมัคร-ฝาก-ถอน ผ่านระบบอัตโนมัติ\n🙏 สมัครสมาชิกใหม่วันนี้รับโบนัสทันที 50 %\n 💵 การันตีเรื่องความชัวร์ ฝากไวถอนเร็ว ต้องที่นี่เท่านั้น\n 🐎มีเกมหลากหลายค่ายให้ท่านเลือกเล่น ไม่ว่าจะเป็น 918 Kiss -Joker-Slotxo-ยิงปลา-บาคาร่า-เกมส์กีฬา และอื่นๆอีกมากมายให้ท่านเลือก\n โดยท่านสามารถโยกเครดิตจากเกมภายใต้เพจของผมไปเล่นเกมประเภทไหนก็ได้ด้วยตนเองผ่านหน้าระบบอัตโนมัติ\n\n🐋สนใจสมัครคลิกที่ลิงค์สมัครหน้าเพจได้เลยครับ🐋\n https://www.hiallbet.com/affr=2485\n\n🔎 สนใจโปรแสกน 918 Scan Win 🔍\n           Line ID: vipscanner_win\n \n💮💮💮💮💮💮💮💮💮💮💮💮💮💮💮",
    "กรุงเทพ": "จันทร์ฉาย ดอนหัวบ่อ \nธนาคารกรุงเทพ \n7357184493",
    "กสิกร": "นิพนธ์ ฤกษ์มงคลศิลป์\nกสิกร 4902546923\nโทร 0989512879",
    "คำสั่ง": "╔═══════════════\n╠♥ ✿✿✿ 🔥Hack Scan 🔔Win🔔 ✿✿✿ ♥\n║\n╠══✪〘 คำสั่งบอท 〙✪══\n║\n╠✪〘 ตั้งค่าทั่วไป 〙✪════════\n║\n╠➥ สปีด\n╠➥ ข้อมูลบอท\n╠➥ เทส\n╠➥ ตรวจสอบคำหยาบ\n╠➥ /1,แทค   「เรียกคนทั้งกลุ่ม」\n╠➥ เปิดระบบป้องกัน 「เปิดป้องกันทั้งหมด」\n╠➥ เปิดลิ้ง\n╠➥ ปิดลิ้ง \n╠➥ เปิด/ปิดลิ้ง\n╠➥ #gbc: 「ส่งข้อความทุกกลุ่ม」 \n╠➥ w: 「ตั้งข้อความต้อนรับ」\n╠➥ ex: 「ตั้งข้อความคนออกกลุ่ม」\n╠➥ xx: 「ตั้งข้อความคนเตะสมาชิก」\n╠➥ ww: 「ตั้งข้อความคนแอด」\n╠➥ bye @ 「เตะสมาชิกที่เราแทค」\n╠➥ ข้อมูลกลุ่ม 「ดูข้อมูลกลุ่ม」\n╠➥ สมาชิก 「ดูรายชื่อสมาชิก」\n╠➥ 001-9999: 「บันทึกตามหมายเลข」\n╠➥001-9999 「ดูข้อมูลตามหมายเลข」\n╠➥ ไปๆ 「สั่งบอทออกห้อง」\n╠➥ เวลา,30,ปฏิทิน 「ดูปฏิทิน」\n╠➥ 9  「ดูตารางแสกน」\n║\n╚═〘 Credits By: ©🔥Hack Scan 🔔Win🔔™  〙 ",
    "ตาราง": " 🔯 ตารางเวลาแสกน 🔯\n\n\n  🔥 รอบที่ 1 เวลา 12.00 น.  ⛔\n\n  รอบที่ 2 เวลา 18.00 น.\n\n🔛 รอบที่ 3 เวลา 21.00 น.\n\n  ✨ รอบสุดท้าย เวลา 00.00 น.\n\n\n ⛔ กฎระเบียบประจำห้องมีดังนี้ ⛔ \n\n👮 ห้ามแชร์คอนแทคหรือแชร์เพื่อทำกิจกรรมรับเครดิตฟรีลงในห้องนี้เด็ดขาด\n😎 ถ้าจะสอบถามว่าเพจชัวว์หรือไม่ ให้ท่านแคปรูปภาพเข้ามาสอบถามเท่านั้น\n🙅 ห้ามขอหรือยืมเงินสมาชิกในห้องเด็ดขาดเพราะพวกคุณไม่มีสัจจะแน่นอน ดังนั้นอย่าให้คนอื่นเดือดร้อน\n\n✈ ท่านใดไม่ปฏิบัติตามกฎโทษสถานเดียวคือบินออกจากห้องทันที\n\n\n\n\n\n🔎 สนใจโปรแสกน 918 Scan Win 🔍\n\n           Line ID: vipscanner_win เท่านั้น\n\n        หรือคลิ๊กตามลิ้งนี่เลย\n    http://line.me/ti/p/xWX1CmxrQ0\nhttp://line.me/ti/p/xWX1CmxrQ0\nhttp://line.me/ti/p/xWX1CmxrQ0",
    "รอส": "ตัวสแกนไว้คอยสแกนดูเกม สแกนเสร็จก็เข้าเล่นเกมที่มีอัตราเปอร์เซ็นต์ 88 เปอร์เซ็นต์ขึ้นไป\nซึ่งมันจับค่า IP จากเซิร์ฟเวอร์ของเกม 918 Kiss โดยตรง\nมันจะจับค่าว่าสมควรเล่นเกมไหนในเวลานี้ ซึ่งมันจะดีกว่าที่เราเล่นโยนหินถามทางเหมือนแต่ก่อน \nซึ่งตัวโปรแกรมมันจะช่วยในเรื่องว่าเกมนี้กำลังแจก Bigwin ultrabigwin magawin ที่กำลังแจกอยู่ในเวลานี้"
}
